Source:,"EM-DAT, CRED / UCLouvain, Brussels, Belgium",,,,,,,,,,,,,,,,,,,,,,,,,,,,,,,,,,,,,,,,,,,,,,,,
,www.emdat.be,,,,,,,,,,,,,,,,,,,,,,,,,,,,,,,,,,,,,,,,,,,,,,,,
Version:,2023-08-03,,,,,,,,,,,,,,,,,,,,,,,,,,,,,,,,,,,,,,,,,,,,,,,,
File creation:,"Thu, 03 Aug 2023 19:56:49 CEST",,,,,,,,,,,,,,,,,,,,,,,,,,,,,,,,,,,,,,,,,,,,,,,,
Table type:,Custom request,,,,,,,,,,,,,,,,,,,,,,,,,,,,,,,,,,,,,,,,,,,,,,,,
# of records:,191,,,,,,,,,,,,,,,,,,,,,,,,,,,,,,,,,,,,,,,,,,,,,,,,
Dis No,Year,Seq,Glide,Disaster Group,Disaster Subgroup,Disaster Type,Disaster Subtype,Disaster Subsubtype,Event Name,Country,ISO,Region,Continent,Location,Origin,Associated Dis,Associated Dis2,OFDA Response,Appeal,Declaration,AID Contribution ('000 US$),Dis Mag Value,Dis Mag Scale,Latitude,Longitude,Local Time,River Basin,Start Year,Start Month,Start Day,End Year,End Month,End Day,Total Deaths,No Injured,No Affected,No Homeless,Total Affected,Reconstruction Costs ('000 US$),"Reconstruction Costs, Adjusted ('000 US$)",Insured Damages ('000 US$),"Insured Damages, Adjusted ('000 US$)",Total Damages ('000 US$),"Total Damages, Adjusted ('000 US$)",CPI,Adm Level,Admin1 Code,Admin2 Code,Geo Locations
1958-0039-FRA,1958,0039,,Natural,Hydrological,Flood,Riverine flood,,,France,FRA,Western Europe,Europe,"Gard, Hérault",,,,,No,No,,,Km2,,,,,1958,9,30,1958,10,4,35,,,,,,,,,,,9.860877819,,,,
1961-0058-FRA,1961,0058,,Natural,Hydrological,Landslide,,,,France,FRA,Western Europe,Europe,Clamart (Hauts-de-Seine),,,,,No,No,,,,,,,,1961,6,1,1961,6,1,21,,,,,,,,,,,10.21396373,2,,16279,Hauts-de-Seine (Adm2).
1967-0041-FRA,1967,0041,,Natural,Meteorological,Storm,Convective storm,Tornado,,France,FRA,Western Europe,Europe,North,,,,,No,No,,,Kph,,,,,1967,6,25,1967,6,25,5,,,,,,,,,20000,175461,11.39852698,,,,
1967-0131-FRA,1967,0131,,Natural,Geophysical,Earthquake,Ground movement,,,France,FRA,Western Europe,Europe,"Arette, Lanne, Montory, Aramits, Haux, Sunhar (Pyrénées-Atlantiques)",,,,,,,,5,Richter,43.2,-0.5,23:07,,1967,8,13,1967,8,13,1,80,,1020,1100,,,,,,,11.39852698,,,,
1969-0074-FRA,1969,0074,,Natural,Meteorological,Storm,,,,France,FRA,Western Europe,Europe,"Brittany, Normandy",,,,,,,,,Kph,,,,,1969,7,6,1969,7,6,23,,,,,,,,,,,12.53467526,,,,
1970-0016-FRA,1970,0016,,Natural,Hydrological,Landslide,Avalanche,,,France,FRA,Western Europe,Europe,Val d'Isere,,,,,,,,,,,,,,1970,2,10,1970,2,10,42,37,,,37,,,,,,,13.26647996,,,,
1970-0027-FRA,1970,0027,,Natural,Hydrological,Landslide,Avalanche,,,France,FRA,Western Europe,Europe,"Plateau d'Assy, St Gervais (Haute-savoie), sanatorium Praz-coutant",,,,,No,No,,,,,,,,1970,4,16,1970,4,16,72,,,,,,,,,,,13.26647996,2,,16329,Haute-Savoie (Adm2).
1976-0178-FRA,1976,0178,,Natural,Meteorological,Storm,,,,France,FRA,Western Europe,Europe,,,,,,,,,,Kph,,,,,1976,1,,1976,1,,,,,,,,,,,,,19.44554409,,,,
1977-0084-FRA,1977,0084,,Natural,Hydrological,Flood,Riverine flood,,,France,FRA,Western Europe,Europe,Gers (South West),Heavy rains,,,,No,No,,,Km2,,,,Lannemazan,1977,7,8,1977,7,8,26,,25000,,25000,,,,,,,20.7098325,,,,
1978-0010-FRA,1978,0010,,Natural,Hydrological,Flood,,,,France,FRA,Western Europe,Europe,Marseilles,,,,,,,,,Km2,,,,,1978,1,,1978,1,,3,,1000,,1000,,,,,,,22.29019504,,,,
1979-0259-FRA,1979,0259,,Natural,Geophysical,Earthquake,Tsunami,,,France,FRA,Western Europe,Europe,Cote d'Azur,Landslide,,,,No,No,,,Richter,43.70 N,7.25 E,,,1979,10,16,1979,10,16,11,2,,,2,,,,,,,24.79884057,,,,
1980-0237-FRA,1980,0237,,Natural,Hydrological,Flood,Riverine flood,,,France,FRA,Western Europe,Europe,Central Region,,,,,,,,,Km2,,,,,1980,9,21,1980,9,21,6,13,300,,313,,,,,,,28.15888663,,,,
1981-0217-FRA,1981,0217,,Natural,Hydrological,Flood,,,,France,FRA,Western Europe,Europe,"Gironde, Lot-Et-Garonne departments",,,,,,,,,Km2,,,,,1981,12,20,1981,12,20,,,,,,,,,,,,31.06902495,,,,
1982-9303-FRA,1982,9303,,Natural,Climatological,Drought,Drought,,,France,FRA,Western Europe,Europe,"Corsica, Var",,Heat wave,Wildfire,,,,,,Km2,,,,,1982,7,,1982,,,,,,,,,,,,,,32.97399781,,,,
1982-0302-FRA,1982,0302,,Natural,Hydrological,Landslide,Avalanche,,,France,FRA,Western Europe,Europe,French Alps,,,,,,,,,,,,,,1982,3,15,1982,3,15,13,,,,,,,,,,,32.97399781,,,,
1982-0305-FRA,1982,0305,,Natural,Hydrological,Landslide,Avalanche,,,France,FRA,Western Europe,Europe,Val d'Isere,,,,,,,,,,,,,,1982,12,5,1982,12,5,3,,,,,,,,,,,32.97399781,,,,
1982-0304-FRA,1982,0304,,Natural,Climatological,Wildfire,Forest fire,,,France,FRA,Western Europe,Europe,South-East departments,,,,,,,,150,Km2,,,,,1982,8,24,1982,8,24,2,18,,,18,,,,,,,32.97399781,,,,
1982-0119-FRA,1982,0119,,Natural,Meteorological,Storm,,,,France,FRA,Western Europe,Europe,"Seine, Saone, Charente, Loire departments",,,,,No,No,,,Kph,,,,,1982,11,6,1982,11,9,12,,,,,,,,,350000,1061442,32.97399781,,,,
1982-0336-FRA,1982,0336,,Natural,Meteorological,Storm,,,,France,FRA,Western Europe,Europe,,,,,,,,,,Kph,,,,,1982,1,15,1982,1,15,,,,,,,,,,,,32.97399781,,,,
1983-0346-FRA,1983,0346,,Natural,Meteorological,Storm,Convective storm,Severe storm,,France,FRA,Western Europe,Europe,"Central, South-West regions",,,,,,,,,Kph,,,,,1983,7,26,1983,7,26,11,,,,,,,,,,,34.03326363,,,,
1983-0343-FRA,1983,0343,,Natural,Hydrological,Flood,Riverine flood,,,France,FRA,Western Europe,Europe,"North, East",,,,,No,No,,,Km2,,,,,1983,3,,1983,5,,18,12,200,,212,,,,,604000,1774734,34.03326363,,,,
1983-0342-FRA,1983,0342,,Natural,Hydrological,Landslide,Avalanche,,,France,FRA,Western Europe,Europe,"Mont Blanc, Pyrenees",,,,,,,,,,,,,,1983,2,27,1983,2,27,9,15,,,15,,,,,,,34.03326363,,,,
1983-0344-FRA,1983,0344,,Natural,Hydrological,Landslide,Avalanche,,,France,FRA,Western Europe,Europe,Chamonix,,,,,,,,,,,,,,1983,7,9,1983,7,9,5,5,,,5,,,,,,,34.03326363,,,,
1983-0208-FRA,1983,0208,,Natural,Climatological,Wildfire,Forest fire,,,France,FRA,Western Europe,Europe,,,,,,,,,,Km2,,,,,1983,8,,1983,8,,12,,,,,,,,,,,34.03326363,,,,
1983-0103-FRA,1983,0103,,Natural,Hydrological,Flood,,,,France,FRA,Western Europe,Europe,Basque region,,,,,,,,,Km2,,,,,1983,8,,1983,8,,,,,,,,,,,5500,16161,34.03326363,,,,
1983-0341-FRA,1983,0341,,Natural,Meteorological,Storm,,,,France,FRA,Western Europe,Europe,,,,,,,,,,Kph,,,,,1983,2,,1983,2,,,,,,,,,,,,,34.03326363,,,,
1983-0345-FRA,1983,0345,,Natural,Hydrological,Flood,,,,France,FRA,Western Europe,Europe,Alsace,,,,,,,,,Km2,,,,,1983,5,28,1983,5,28,,,3500,,3500,,,,,,,34.03326363,,,,
1984-0061-FRA,1984,0061,,Natural,Meteorological,Storm,Convective storm,Severe storm,,France,FRA,Western Europe,Europe,,,,,,No,No,,,Kph,,,,,1984,7,11,1984,7,11,4,,,,,,,,,,,35.49688113,,,,
1984-0258-FRA,1984,0258,,Natural,Meteorological,Storm,Convective storm,Severe storm,,France,FRA,Western Europe,Europe,,,,,,,,,,Kph,,,,,1984,11,21,1984,11,21,,,,,,,,,,,,35.49688113,,,,
1984-0257-FRA,1984,0257,,Natural,Meteorological,Storm,Tropical cyclone,,Hortense,France,FRA,Western Europe,Europe,,,,,,,,,,Kph,,,,,1984,10,5,1984,10,5,,,,,,,,,,,,35.49688113,,,,
1984-0254-FRA,1984,0254,,Natural,Climatological,Wildfire,Forest fire,,,France,FRA,Western Europe,Europe,"Northwest, Southern",,,,,,,,,Km2,,,,,1984,4,25,1984,4,25,,,,,,,,,,,,35.49688113,,,,
1984-0256-FRA,1984,0256,,Natural,Climatological,Wildfire,Forest fire,,,France,FRA,Western Europe,Europe,Southern,,,,,,,,,Km2,,,,,1984,7,12,1984,7,12,,,,,,,,,,,,35.49688113,,,,
1985-0175-FRA,1985,0175,,Natural,Meteorological,Storm,Convective storm,Severe storm,,France,FRA,Western Europe,Europe,,,,,,,,,,Kph,,,,,1985,8,,1985,8,,,,,,,,,,,,,36.75546794,,,,
1985-0251-FRA,1985,0251,,Natural,Meteorological,Extreme temperature,Cold wave,,,France,FRA,Western Europe,Europe,Countrywide,,,,,No,No,,,°C,,,,,1985,1,15,1985,1,30,,,,,,,,132300,359946,,,36.75546794,,,,
1985-0087-FRA,1985,0087,,Natural,Climatological,Wildfire,Forest fire,,,France,FRA,Western Europe,Europe,"South, Corsica",,,,,,,,45,Km2,,,,,1985,8,,1985,8,,6,130,,,130,,,,,,,36.75546794,,,,
1986-0083-FRA,1986,0083,,Natural,Climatological,Wildfire,Forest fire,,,France,FRA,Western Europe,Europe,"Languedoc, Roussillon, Provence, Cote d'Azur",,,,,,,,40,Km2,,,,,1986,7,24,1986,7,24,5,,2000,,2000,,,,,,,37.45311166,,,,
1987-0192-FRA,1987,0192,,Natural,Meteorological,Storm,,,,France,FRA,Western Europe,Europe,"Bretagne, Normandie",,,,,,,,200,Kph,,,,,1987,10,16,1987,10,16,4,,,,,,,,,1700000,4378554,38.82560081,,,,
1987-0395-FRA,1987,0395,,Natural,Hydrological,Flood,,,,France,FRA,Western Europe,Europe,Grand-Bornand,,,,,,,,,Km2,,,,,1987,7,14,1987,7,14,23,,,,,,,,,,,38.82560081,,,,
1988-0698-FRA,1988,0698,,Natural,Hydrological,Flood,Flash flood,,,France,FRA,Western Europe,Europe,Nimes (Gard),Brief torrential rains,,,,No,No,,710,Km2,,,,,1988,10,3,1988,10,3,10,,300,,300,,,,,500000,1237354,40.40880605,,,,
1989-9595-FRA,1989,9595,,Natural,Climatological,Drought,Drought,,,France,FRA,Western Europe,Europe,Corse,,,,,No,No,,,Km2,,,,,1989,7,,1989,8,,,,,,,,,,,1600000,3777207,42.35934309,,,,
1989-0590-FRA,1989,0590,,Natural,Meteorological,Storm,,,,France,FRA,Western Europe,Europe,,,,,,,,,,Kph,,,,,1989,2,26,1989,2,26,9,,,,,,,,,,,42.35934309,,,,
1990-0004-FRA,1990,0004,,Natural,Hydrological,Landslide,Avalanche,,,France,FRA,Western Europe,Europe,"Tignes, Val d'Isere",,,,,No,No,,,,,,,,1990,2,15,1990,2,17,14,,,,,,,,,,,44.64587744,,,,
1990-0085-FRA,1990,0085,,Natural,Meteorological,Extreme temperature,Heat wave,,,France,FRA,Western Europe,Europe,Southwestern,,,,,,,,40,°C,,,,,1990,7,24,1990,7,24,5,,,,,,,,,,,44.64587744,,,,
1990-0153-FRA,1990,0153,,Natural,Meteorological,Storm,,,,France,FRA,Western Europe,Europe,"Massif Central, Rhone Valley",,,,,,,,,Kph,,,,,1990,12,9,1990,12,9,,,,,,,,,,,,44.64587744,,,,
1990-0717-FRA,1990,0717,,Natural,Meteorological,Storm,,,Daria,France,FRA,Western Europe,Europe,,,,,,No,No,,,Kph,,,,,1990,1,25,1990,1,26,,,,,,,,300000,671955,400000,895939,44.64587744,,,,
1990-0718-FRA,1990,0718,,Natural,Meteorological,Storm,,,Herta,France,FRA,Western Europe,Europe,,,,,,No,No,,,Kph,,,,,1990,2,3,1990,2,4,23,,,,,,,700000,1567894,900000,2015864,44.64587744,,,,
1990-0719-FRA,1990,0719,,Natural,Meteorological,Storm,,,Judith,France,FRA,Western Europe,Europe,,,,,,No,No,,,Kph,,,,,1990,2,7,1990,2,8,,,,,,,,30000,67195,60000,134391,44.64587744,,,,
1990-0720-FRA,1990,0720,,Natural,Meteorological,Storm,,,Nana,France,FRA,Western Europe,Europe,,,,,,No,No,,,Kph,,,,,1990,2,11,1990,2,12,,,,,,,,30000,67195,60000,134391,44.64587744,,,,
1990-0721-FRA,1990,0721,,Natural,Meteorological,Storm,,,Ottilie and Polly,France,FRA,Western Europe,Europe,,,,,,No,No,,,Kph,,,,,1990,2,13,1990,2,15,,,,,,,,30000,67195,60000,134391,44.64587744,,,,
1990-0722-FRA,1990,0722,,Natural,Meteorological,Storm,,,Vivian,France,FRA,Western Europe,Europe,,,,,,No,No,,,Kph,,,,,1990,2,25,1990,2,27,10,,,,,,,100000,223985,200000,447970,44.64587744,,,,
1990-0723-FRA,1990,0723,,Natural,Meteorological,Storm,,,Wiebke,France,FRA,Western Europe,Europe,,,,,,No,No,,,Kph,,,,,1990,2,28,1990,3,1,10,,,,,,,120000,268782,230000,515165,44.64587744,,,,
1991-9316-FRA,1991,9316,,Natural,Climatological,Drought,Drought,,,France,FRA,Western Europe,Europe,"Limousin, Poitou-Charente, Aquitaine, Midi Pyrenees, Normandie",,Wildfire,,,,,,,Km2,,,,,1991,7,,1991,,,,,,,,,,,,,,46.53662061,,,,
1991-0020-FRA,1991,0020,,Natural,Meteorological,Extreme temperature,Cold wave,,,France,FRA,Western Europe,Europe,,,,,,,,,,°C,,,,,1991,2,,1991,2,,20,,,,,,,,,,,46.53662061,,,,
1991-0497-FRA,1991,0497,,Natural,Meteorological,Extreme temperature,Cold wave,,,France,FRA,Western Europe,Europe,"Champagne, Cognac, Provence, Touraine, Bordeaux",,,,,No,No,,,°C,,,,,1991,4,20,1991,4,21,,,,,,,,,,772000,1658909,46.53662061,,,,
1992-0251-FRA,1992,0251,,Natural,Meteorological,Storm,Convective storm,Severe storm,,France,FRA,Western Europe,Europe,"Vaucluse, Drome, Ardeche",Brief torrential rains,,,,No,No,,,Kph,,,,,1992,9,22,1992,9,22,47,,2000,,2000,,,178300,371876,400000,834270,47.94612964,,,,
1992-0371-FRA,1992,0371,,Natural,Hydrological,Flood,Riverine flood,,,France,FRA,Western Europe,Europe,"Aude, Pyrennes-Orientales",Heavy rain,,,,No,No,,,Km2,,,,,1992,9,27,1992,9,27,3,,,,,,,,,,,47.94612964,,,,
1992-0359-FRA,1992,0359,,Natural,Biological,Epidemic,Bacterial disease,,Listeria,France,FRA,Western Europe,Europe,,,,,,,,,,Vaccinated,,,,,1992,4,,1992,4,,20,,,,,,,,,,,47.94612964,,,,
1992-0171-FRA,1992,0171,,Natural,Meteorological,Storm,,,,France,FRA,Western Europe,Europe,South,,,,,,,,,Kph,,,,,1992,1,22,1992,1,22,1,,,,,,,74200,154757,,,47.94612964,,,,
1993-0065-FRA,1993,0065,,Natural,Meteorological,Storm,Convective storm,Hail,,France,FRA,Western Europe,Europe,South West - Saonne et Loire,,Hail,,,No,No,,,Kph,,,,,1993,7,5,1993,7,6,2,18,1500,,1518,,,40000,81035,50000,101294,49.36133216,,,,
1993-0211-FRA,1993,0211,,Natural,Meteorological,Storm,,,,France,FRA,Western Europe,Europe,"Alps, Vaucluse, Drome",,Flood,,,No,No,,,Kph,,,,,1993,9,22,1993,9,25,10,2,200,,202,,,340000,688798,500000,1012939,49.36133216,,,,
1993-0237-FRA,1993,0237,,Natural,Hydrological,Flood,Riverine flood,,,France,FRA,Western Europe,Europe,,,,,,No,No,,,Km2,,,,,1993,12,20,1993,12,31,4,,,,,,,350000,709057,600000,1215526,49.36133216,,,,
1994-0048-FRA,1994,0048,,Natural,Hydrological,Flood,Riverine flood,,,France,FRA,Western Europe,Europe,Camargue,,,,,No,No,,70,Km2,,,,,1994,1,7,1994,1,12,10,,210,,210,,,,,5000,9872,50.64840266,,,,
1994-0145-FRA,1994,0145,,Natural,Hydrological,Flood,,,,France,FRA,Western Europe,Europe,Nice,,,,,,,,,Km2,,,,,1994,6,27,1994,6,27,,,200,,200,,,,,,,50.64840266,,,,
1994-0556-FRA,1994,0556,,Natural,Hydrological,Flood,,,,France,FRA,Western Europe,Europe,"Lozere, Guard, Herault",,,,,,,,,Km2,,,,,1994,11,5,1994,11,5,3,,,,,,,,,95000,187568,50.64840266,,,,
1995-0007-FRA,1995,0007,,Natural,Meteorological,Storm,,,"Thaila, Urania, Valeska, Wilma",France,FRA,Western Europe,Europe,"Basse-Normandie, Champagne-Ardennes, Bretagne, Pays de Loire, Ile-de-France","Heavy rains, melting snow",Flood,,,No,No,,,Kph,,,,Villaine,1995,1,21,1995,2,2,16,,5000,,5000,,,570000,1094695,700000,1344362,52.06929869,,,,
1996-0016-FRA,1996,0016,,Natural,Hydrological,Flood,Flash flood,,,France,FRA,Western Europe,Europe,"Beziers, Puisserguier, Cassenon, Agde, Serignan, Puissalicon, Magalas (Herault Department, Languedoc-Roussillon province)",Heavy rains,,,,No,No,,2140,Km2,,,,"Orb, Libron, Herault",1996,1,27,1996,1,30,4,,600,,600,,,,,6000,11195,53.59556085,,,,
1996-0252-FRA,1996,0252,,Natural,Meteorological,Storm,Tropical cyclone,,Lilli,France,FRA,Western Europe,Europe,,,,,,No,No,,,Kph,,,,,1996,10,27,1996,10,30,1,,,,,,,,,10,19,53.59556085,,,,
1996-0004-FRA,1996,0004,,Natural,Hydrological,Flood,,,,France,FRA,Western Europe,Europe,"Villeneuve-Loubet, Grasse (Alpes Maritimes)",,,,,No,No,,,Km2,,,,,1996,1,3,1996,1,3,,,780,,780,,,,,,,53.59556085,,,,
1997-0006-FRA,1997,0006,,Natural,Meteorological,Extreme temperature,Cold wave,,,France,FRA,Western Europe,Europe,South,,,,,,,,,°C,,,,,1997,1,4,1997,1,4,23,,10000,,10000,,,,,,,54.84845417,,,,
1997-0159-FRA,1997,0159,,Natural,Climatological,Wildfire,Forest fire,,,France,FRA,Western Europe,Europe,Near Marseille,,,,,,,,3000,Km2,,,,,1997,7,26,1997,7,26,,9,1250,,1259,,,,,,,54.84845417,,,,
1997-9105-FRA,1997,9105,,Natural,Climatological,Drought,Drought,,,France,FRA,Western Europe,Europe,,,,,,No,No,,,Km2,,,,,1997,4,,1997,,,,,,,,,,,,10000,18232,54.84845417,,,,
1998-0038-FRA,1998,0038,,Natural,Hydrological,Landslide,Avalanche,,,France,FRA,Western Europe,Europe,Alps,,,,,,,,,,,,,,1998,1,24,1998,1,24,9,21,,,21,,,,,,,55.69986281,,,,
1998-0436-FRA,1998,0436,,Natural,Meteorological,Storm,Extra-tropical storm,,"Cilly, Desiree, Fanny",France,FRA,Western Europe,Europe,"Bretagne, Ouest de la France",,,,,No,No,,150,Kph,,,,,1998,1,1,1998,1,6,6,,690,,690,,,130000,233394,150000,269300,55.69986281,,,,
1999-0450-FRA,1999,0450,,Natural,Hydrological,Flood,Flash flood,,,France,FRA,Western Europe,Europe,"Aude, Tarn, Herault, Pyrenees-Orientales",Brief torrential rain,"Slide (land, mud, snow, rock)",,,No,No,,,Km2,,,,,1999,11,12,1999,11,15,36,5,3000,,3005,,,382000,671134,500000,878448,56.91858704,,,,
1999-0571-FRA,1999,0571,,Natural,Meteorological,Storm,Extra-tropical storm,,Lothar,France,FRA,Western Europe,Europe,"South-Western, Western",,"Slide (land, mud, snow, rock)",,,No,No,,200,Kph,,,,,1999,12,26,1999,12,28,88,11,3400000,,3400011,,,4450000,7818184,8000000,14055163,56.91858704,,,,
1999-0052-FRA,1999,0052,,Natural,Hydrological,Landslide,Avalanche,,,France,FRA,Western Europe,Europe,Hameaux de Montroc et Du Tour,,,,,No,No,,,,,,,,1999,2,9,1999,2,9,11,,200,60,260,,,,,10790,18957,56.91858704,,,,
1999-0611-FRA,1999,0611,,Natural,Meteorological,Storm,Extra-tropical storm,,Martin,France,FRA,Western Europe,Europe,,,,,,No,No,,,Kph,,,,,1999,12,27,1999,12,28,8,,,,,2450000,4304394,,,4000000,7027581,56.91858704,,,,
1999-0642-FRA,1999,0642,,Natural,Climatological,Wildfire,Forest fire,,,France,FRA,Western Europe,Europe,Alpilles,,,,,,,,24,Km2,,,,,1999,7,22,1999,7,22,,,,6,6,,,,,,,56.91858704,,,,
1999-0021-FRA,1999,0021,,Natural,Hydrological,Flood,,,,France,FRA,Western Europe,Europe,Hyeres,,,,,,,,7,Km2,,,,,1999,1,18,1999,1,18,,,900,200,1100,,,,,,,56.91858704,,,,
1999-0202-FRA,1999,0202,,Natural,Meteorological,Storm,,,,France,FRA,Western Europe,Europe,Paris,,,,,,,,,Kph,,,,,1999,5,30,1999,5,30,3,20,100000,,100020,,,,,,,56.91858704,,,,
1999-0643-FRA,1999,0643,,Natural,Hydrological,Flood,,,,France,FRA,Western Europe,Europe,Doubs,,,,,,,,,Km2,,,,,1999,2,,1999,2,,,,,,,,,,,,,56.91858704,,,,
2000-0636-FRA,2000,0636,,Natural,Meteorological,Storm,Convective storm,Tornado,,France,FRA,Western Europe,Europe,"Montpellier city (Herault district, Languedoc-Rousillon province), Marseille city (Bouches-du-Rhone district, Provence-Alpes-Cote-d'Azur province)",,,,,,,,100,Kph,,,,,2000,9,19,2000,9,19,6,7,,200,207,,,,,,,58.84064849,2,,16287;16322,"Bouches-du-Rhone, Herault (Adm2)."
2000-0356-FRA,2000,0356,,Natural,Hydrological,Flood,,,,France,FRA,Western Europe,Europe,"Haute-Garonne, Tar-et-Garonne (Midi-Pyrenee)",,,,,,,,30,Km2,,,,,2000,6,10,2000,6,10,1,,200,,200,,,,,,,58.84064849,2,,16301;16305,"Haute-Garonne, Tarn-et-Garonne (Adm2)."
2000-0357-FRA,2000,0357,,Natural,Hydrological,Flood,,,,France,FRA,Western Europe,Europe,"Dieppe municipality (Seine-Maritime district, Haute-Normandie province)",,,,,,,,,Km2,,,,,2000,5,,2000,5,,2,10,,,10,,,,,,,58.84064849,2,,16277,Seine-Maritime (Adm2).
2000-0775-FRA,2000,0775,,Natural,Hydrological,Flood,,,,France,FRA,Western Europe,Europe,"Epaux-Bézu, Coincy villages (Aisne district, Picardie province)",,,,,,,,,Km2,,,,,2000,7,10,2000,7,10,1,,600,,600,,,,,,,58.84064849,2,,16321,Alpes-maritimes (Adm2).
2000-0792-FRA,2000,0792,,Natural,Hydrological,Flood,,,,France,FRA,Western Europe,Europe,Yvelines district (Ile-de-France province),,,,,,,,,Km2,,,,,2000,12,2,2000,12,2,,,600,,600,,,,,,,58.84064849,2,,16285,Yvelines (Adm2).
2000-0812-FRA,2000,0812,,Natural,Hydrological,Flood,,,,France,FRA,Western Europe,Europe,"Finistère, Morbihan districts (Bretagne province)",,,,,,,,,Km2,,,,,2000,12,13,2000,12,13,,,600,,600,,,,,,,58.84064849,2,,16257;16259,"Finistere, Morbihan (Adm2)."
2000-0870-FRA,2000,0870,,Natural,Hydrological,Flood,,,,France,FRA,Western Europe,Europe,Alpes-maritimes district (Provence-Alpes-Cote-d'Azure province),,,,,,,,,Km2,,,,,2000,11,,2000,11,,1,2,300,,302,,,,,,,58.84064849,2,,16321,Alpes-maritimes (Adm2).
2001-0066-FRA,2001,0066,,Natural,Hydrological,Flood,Flash flood,,,France,FRA,Western Europe,Europe,"Morbihan, Finistère districts (Bretagne province); Redon, Guipry cities (Ille-et-Vilaine district), Quimperlé, Quimper cities (Finistere district) (Bretagne province), Caen, Louvigny cities (Calvados district, Basse-Normandie province)",Brief torrential rain,,,,,,,,Km2,,,,,2001,1,5,2001,1,7,,,390,,390,,,,,,,60.50357889,2,,16249;16257;16258;16259,"Calvados, Finistere, Ille-et-Vilaine, Morbihan (Adm2)."
2001-0324-FRA,2001,0324,,Natural,Meteorological,Storm,Convective storm,Tornado,,France,FRA,Western Europe,Europe,"Strasbourg city (Bas-Rhin district, Alsace province)",,,,,,,,149,Kph,,,,,2001,7,6,2001,7,6,12,85,,,85,,,,,,,60.50357889,2,,16238,Bas-Rhin (Adm2).
2001-0583-FRA,2001,0583,,Natural,Meteorological,Storm,Convective storm,Tornado,,France,FRA,Western Europe,Europe,"Villeneuve-les-Maguelone city (Hérault district, Languedoc-Rousillon province), Loriol city (Haute-Loire district, Auvergne province)",,,,,,,,,Kph,,,,,2001,10,20,2001,10,21,2,35,300,,335,,,,,,,60.50357889,2,,16247;16287,"Haute-Loire, Herault (Adm2)."
2001-0193-FRA,2001,0193,,Natural,Hydrological,Flood,Riverine flood,,,France,FRA,Western Europe,Europe,"Calvados district (Basse-Normandie province), Seine-Maritime, Eure districts (Haute-Normandie province), Meuse district (Lorraine province), Haute-Marne district (Champagne-Ardenne province), Rhone district (Rhone-Alpes province), Doubs district (Franche-Comte province), Oise district (Picardie province), Finistère, lle-et-Vilaine districts (Bretagne province) ; Mâcon, Chalon-sur-Saône cities (Saone-et-Loire district, Bourgogne province), Nantes city (Loire-Atlantique district, Pays-de-la-Loire province), Montbazon (Indre-et-Loire district, Centre province)",HEavy rain,,,,,,,78100,Km2,,,,"Saone, Seine, Rhone-Saone, Avre, Iton.",2001,3,21,2001,3,28,3,,8100,,8100,,,,,132350,218747,60.50357889,2,,16249;16254;16257;16258;16263;16268;16272;16276;16277;16295;16308;16314;16332,"Calvados, Doubs, Eure, Finistere, Haute-Marne, Ille-et-Vilaine, Indre-et-Loire, Loire-Atlantique, Meuse, Oise, Rhone, Saone-et-Loire, Seine-Maritime (Adm2)."
2001-0229-FRA,2001,0229,,Natural,Hydrological,Flood,Riverine flood,,,France,FRA,Western Europe,Europe,"Abbeville, Amiens cities (Somme district, Picardie province)",Heavy rain,,,,,,,9210,Km2,,,,Somme River,2001,4,7,2001,5,2,,,7371,,7371,,,,,,,60.50357889,2,,16315,Somme (Adm2).
2001-0323-FRA,2001,0323,,Natural,Hydrological,Flood,,,,France,FRA,Western Europe,Europe,"Lot district (Midi-Pyrenees province), Dordogne district (Aquitaine), Corrèze district (Limousin province) (Sud-Ouest)",,,,,,,,,Km2,,,,,2001,7,4,2001,7,4,,1,720,,721,,,,,,,60.50357889,2,,16240;16291;16303,"Correze, Dordogne, Lot (Adm2)."
2001-0743-FRA,2001,0743,,Natural,Hydrological,Flood,,,,France,FRA,Western Europe,Europe,Somme district (Picardie province),,,,,,,,,Km2,,,,,2001,7,8,2001,7,8,,,300,,300,,,,,,,60.50357889,2,,16315,Somme (Adm2).
2002-0553-FRA,2002,0553,,Natural,Hydrological,Flood,Flash flood,,,France,FRA,Western Europe,Europe,"Urrugne, Hendaye, Saint-Jean-de-Luz cities (Pyrénées-Atlantique district, Aquitaine province), Saint-Anne-du-Castellet city (Var district, Provence-Alpes-Cote-d'Azure province), Sain-Martin-de-Seignanx, Béarn cities (Landes district, Aquitaine province); Pyrénée-Orientales district",,,,,,,,,Km2,,,,,2002,8,25,2002,8,25,,,800,,800,,,,,,,61.46318826,2,,16242;16244;16289;16324,"Landes, Pyrenees-Atlantique, Pyrenees-Orientales, Var (Adm2)."
2002-0574-FRA,2002,0574,,Natural,Hydrological,Flood,Riverine flood,,,France,FRA,Western Europe,Europe,"Gard, Hérault districts (Languedo-Rousillon province), Vaucluse dsitrict (Provence-Alpes-Cote-d'Azure province), Rhone, Drome, Ardeche districts (Languedoc-Rousillon province)",Heavy rains,,,,,,,10480,Km2,,,,,2002,9,8,2002,9,12,23,,2500,,2500,,,398000,647542,1190000,1936118,61.46318826,2,,16286;16287;16325;16327;16328;16332,"Ardeche, Drome, Gard, Herault, Rhone, Vaucluse (Adm2)."
2002-0673-FRA,2002,0673,,Natural,Meteorological,Storm,Extra-tropical storm,,Jeanett,France,FRA,Western Europe,Europe,"Eure district (Haute-Normandie province), Manche, Calvados districts (Basse-Normandie province), Pas-de-Calais district (Nord-Pas-de-Calais province), Somme district (Picardie province), Seine-Maritime district (Haute-Normandie province), Seine-Saint-Denis district (Ile-de-France province)",,,,,,,,,Kph,,,,,2002,10,27,2002,10,27,4,3,,,3,,,,,1000,1627,61.46318826,2,,16249;16250;16276;16277;16282;16307;16315,"Calvados, Eure, Manche, Pas-de-Calais, Seine-Maritime, Seine-Saint-Denis, Somme (Adm2)."
2002-0858-FRA,2002,0858,,Natural,Biological,Epidemic,Viral disease,,Acute respiratory syndrome (SARS),France,FRA,Western Europe,Europe,,,,,,No,No,,,Vaccinated,,,,,2003,3,21,2003,6,3,1,,6,,6,,,,,,,61.46318826,,,,
2002-0012-FRA,2002,0012,,Natural,Hydrological,Flood,,,,France,FRA,Western Europe,Europe,"Vosges, Moselle district (Lorraine province), Haute-Marne district (Champagne-Ardenne province)",,,,,,,,,Km2,,,,,2002,1,,2002,1,,,,180,,180,,,,,,,61.46318826,2,,16268;16296;16297,"Haute-Marne, Moselle, Vosges (Adm2)."
2002-0712-FRA,2002,0712,,Natural,Meteorological,Storm,,,,France,FRA,Western Europe,Europe,"Var, Vaucluse districts (Provence-Alpes-Cote-d'Azure province)",,,,,,,,,Kph,,,,,2002,11,18,2002,11,18,1,,250,,250,,,,,,,61.46318826,2,,16324;16325,"Var, Vaucluse (Adm2)."
2003-0001-FRA,2003,0001,,Natural,Hydrological,Flood,Riverine flood,,,France,FRA,Western Europe,Europe,"Lisieux city (Calvados district, Basse-Normandie province) ; Ardennes district (Champagne-Ardenne province), Oise, Aisnes districts (Picardie province)",Heavy rains,,,,,,,,Km2,,,,"Seine, Oise, Aisnes",2003,1,1,2003,1,8,1,,,,,,,,,,,62.8584595,2,,16249;16266;16313;16314,"Aisne, Ardennes, Calvados, Oise (Adm2)."
2003-0003-FRA,2003,0003,,Natural,Meteorological,Storm,Extra-tropical storm,,Calvann,France,FRA,Western Europe,Europe,"Alsace, Champagne-Ardenne, Franche-Comte, Lorraine provinces (Nord-East region)",,,,,,,,,Kph,,,,,2003,1,2,2003,1,3,1,,,,,,,,,50,80,62.8584595,1,1248;1255;1257;1263,,"Alsace, Champagne-Ardenne, Franche-Comte, Lorraine (Adm1)."
2003-0395-FRA,2003,0395,,Natural,Meteorological,Storm,,,,France,FRA,Western Europe,Europe,"Maine-et-Loire district (Pays-de-la-Loire province), Landes, Gironde districts (Aquitaire province), Charente-Maritime, Vienne districts (Poitou-Charentes province)",,Hail,Rain,,,,,160,Kph,,,,,2003,7,15,2003,7,15,5,70,,,70,,,,,,,62.8584595,2,,16241;16242;16309;16317;16319,"Charente-Maritime, Gironde, Landes, Maine-et-Loire, Vienne (Adm2)."
2003-0586-FRA,2003,0586,,Natural,Hydrological,Flood,Flash flood,,,France,FRA,Western Europe,Europe,"Herault, Gard districts (Langedoc-Rousillon province), Bouches-du-Rhone, Vaucluse districts (Provende-Alpes-Cote-d'Azure province) (South and East)","Heavy rains, high winds","Slide (land, mud, snow, rock)",,,,,,,Km2,,,,Rhone river,2003,12,2,2003,12,3,9,,27000,,27000,,,1010000,1606785,1500000,2386314,62.8584595,2,,16286;16287;16322;16325,"Bouches-du-Rhone, Gard, Herault, Vaucluse (Adm2)."
2003-0391-FRA,2003,0391,,Natural,Meteorological,Extreme temperature,Heat wave,,,France,FRA,Western Europe,Europe,"Alsace, Aquitaine, Auvergne, Basse-Normandie, Bourgogne, Bretagne, Centre, Champagne-Ardenne, Corse, Franche-Compte, Haute-Normandie, Ile-de-France, Languedoc-Rousillon, Limousin, Lorraine, Nord-Pas-de-Calais, Pays-de-la-Loire, Picardie, Poitou-Charentes, Provence-Alpes-Côte-D'azur, Rhône-Alpes, Midi-Pyrénées provinces",,Drought,,,,,,43,°C,,,,,2003,8,1,2003,8,20,19490,,,,,,,,,4400000,6999853,62.8584595,1,1248;1249;1250;1251;1252;1253;1254;1255;1256;1257;1258;1259;1260;1262;1263;1264;1265;1266;1267;1268;1269;1270,,"Alsace, Aquitaine, Auvergne, Basse-Normandie, Bourgogne, Bretagne, Centre, Champagne-Ardenne, Corse, Franche-Comte, Haute-Normandie, Ile-de-France, Languedoc-Rousillon, Limousin, Lorraine, Midi-Pyrenees, Nord-Pas-de-Calais, Pays-de-la-Loire, Picardie, Poitou-Charentes, Provence-Alpes-Cote-d'Azur, Rhone-Alpes (Adm1)."
2003-0365-FRA,2003,0365,,Natural,Climatological,Wildfire,Forest fire,,,France,FRA,Western Europe,Europe,"Massif des Maures mountain (Var district, Provence-Alpes-Cote-d'Azur province)","Drought, man",,,,,,,180,Km2,,,,,2003,7,28,2003,7,30,5,4,3000,,3004,,,,,,,62.8584595,2,,16324,Var (Adm2).
2004-0427-FRA,2004,0427,,Natural,Meteorological,Storm,,,,France,FRA,Western Europe,Europe,"Alpes-maritimes, Var, Bouches-du-Rhone districts (Provence-Alpes-Cote-d'Azur province), Gard, Aude, Herault, Pyrenees-Orientales districts (Languedoc-Rousillon province) (Region Méditérranéenne), Aveyron, Lot districts (Midi-Pyrenees province), Lozère district (Langedoc-Rousillon province), Cantal, Haute-Loire, Puy-de-Dôme, Allier districts (Auvergne province), Loire district (Rhone-Alpes province), Creuse, Haute-Vienne, Corrèze districts (Limousin province) (Massif Central)",,Rain,,,,,,,Kph,,,,,2004,8,17,2004,8,18,11,,,,,,,,,,,64.54132928,2,,16245;16246;16247;16248;16288;16291;16292;16293;16299;16303;16331,"Allier, Aveyron, Cantal, Correze, Creuse, Haute-Loire, Haute-Vienne, Loire, Lot, Lozere, Puy-de-Dome (Adm2)."
2005-0516-FRA,2005,0516,,Natural,Hydrological,Flood,Flash flood,,,France,FRA,Western Europe,Europe,"Hérault, Gard districts (Languedoc-Rousillon province), Alpes-Maritimes district (Provence-Alpes-Cote-d'Azur province)",Violent thunderstorms,"Slide (land, mud, snow, rock)",,,,,,9810,Km2,,,,,2005,9,7,2005,9,9,1,,3000,,3000,,,,,,,66.73105799,2,,16286;16287;16321,"Alpes-maritimes, Gard, Herault (Adm2)."
2005-0655-FRA,2005,0655,,Natural,Meteorological,Extreme temperature,Cold wave,,,France,FRA,Western Europe,Europe,"Alsace, Aquitaine, Auvergne, Basse-Normandie, Bourgogne, Bretagne, Centre, Champagne-Ardenne, Corse, Franche-Compte, Haute-Normandie, Ile-de-France, Languedoc-Rousillon, Limousin, Lorraine, Nord-Pas-de-Calais, Pays-de-la-Loire, Picardie, Poitou-Charentes, Provence-Alpes-Côte-D'azur, Rhône-Alpes, Midi-Pyrénées provinces",,Snow/ice,,,,,,,°C,,,,,2005,11,23,2005,11,27,6,,,,,,,,,,,66.73105799,1,1248;1249;1250;1251;1252;1253;1254;1255;1256;1257;1258;1259;1260;1262;1263;1264;1265;1266;1267;1268;1269;1270,,"Alsace, Aquitaine, Auvergne, Basse-Normandie, Bourgogne, Bretagne, Centre, Champagne-Ardenne, Corse, Franche-Comte, Haute-Normandie, Ile-de-France, Languedoc-Rousillon, Limousin, Lorraine, Midi-Pyrenees, Nord-Pas-de-Calais, Pays-de-la-Loire, Picardie, Poitou-Charentes, Provence-Alpes-Cote-d'Azur, Rhone-Alpes (Adm1)."
2005-0713-FRA,2005,0713,,Natural,Meteorological,Extreme temperature,Severe winter conditions,,,France,FRA,Western Europe,Europe,"Alsace, Aquitaine, Auvergne, Basse-Normandie, Bourgogne, Bretagne, Centre, Champagne-Ardenne, Corse, Franche-Comte, Haute-Normandie, Ile-de-France, Languedoc-Rousillon, Limousin, Lorraine, Midi-Pyrenees, Nord-Pas-de-Calais, Pays-de-la-Loire, Picardie, Poitou-Charentes, Provence-Alpes-Cote-d'Azur, Rhone-Alpes provinces",,Snow/ice,,,,,,,°C,,,,,2005,12,27,2005,12,30,2,,,,,,,,,,,66.73105799,1,1248;1249;1250;1251;1252;1253;1254;1255;1256;1257;1258;1259;1260;1262;1263;1264;1265;1266;1267;1268;1269;1270,,"Alsace, Aquitaine, Auvergne, Basse-Normandie, Bourgogne, Bretagne, Centre, Champagne-Ardenne, Corse, Franche-Comte, Haute-Normandie, Ile-de-France, Languedoc-Rousillon, Limousin, Lorraine, Midi-Pyrenees, Nord-Pas-de-Calais, Pays-de-la-Loire, Picardie, Poitou-Charentes, Provence-Alpes-Cote-d'Azur, Rhone-Alpes (Adm1)."
2005-0647-FRA,2005,0647,,Natural,Hydrological,Flood,Riverine flood,,,France,FRA,Western Europe,Europe,"Perpignan city (Pyrenees-Orientales district, Languedoc-Rousillon province)",Heavy rains,,,,,,,2000,Km2,,,,"Augly, Verdouble",2005,11,15,2005,11,17,2,,1000,,1000,,,,,,,66.73105799,2,,16289,Pyrenees-Orientales (Adm2).
2005-0367-FRA,2005,0367,,Natural,Climatological,Wildfire,Forest fire,,,France,FRA,Western Europe,Europe,"Gardanne, Aix en Provence, Meyreuil, Lançon-de-Provence, Val-de-Cibourg (Bouches du Rhone), Calvi, Calenzana, Haut Nebbio, Pieve, Vallecalle, Murato, Montemaggiore, Montegrosso, Zilia, Avapessa et Aregno (Haute Corse), Saint-Zacharie, Draguignan, Saint-Tropez, Vidauban, Muy (Var) , Meze (Herault)",,,,,,,,36,Km2,,,,,2005,6,20,2005,8,26,2,,,,,,,,,10000,14986,66.73105799,2,,16271;16287;16322;16324,"Bouches-du-Rhone, Haute-Corse, Herault, Var (Adm2)."
2006-0124-FRA,2006,0124,,Natural,Meteorological,Storm,,,,France,FRA,Western Europe,Europe,"Provence-Alpes-Cote-d'Azur, Franche-Comte, Rhone-Alpes, Lorraine, Alsace provinces",,Cold wave,,,,,,,Kph,,,,,2006,3,,2006,3,,4,,,,,,,,,,,68.88375871,1,1248;1257;1263;1269;1270,,"Alsace, Franche-Comte, Lorraine, Provence-Alpes-Cote-d'Azur, Rhone-Alpes (Adm1)."
2006-0573-FRA,2006,0573,,Natural,Meteorological,Storm,Convective storm,Tornado,,France,FRA,Western Europe,Europe,"Vendée district (Pays de Loire province), Doubs, Jura (Franche-Comte province) ; Bretagne, Pays de Loire, Auvergne provinces",,Flood,,,,,,133,Kph,,,,,2006,10,23,2006,10,24,1,2,600,,602,,,,,,,68.88375871,1;2,1250;1253;1266,16272;16274,"Auvergne, Bretagne, Pays-de-la-Loire (Adm1). Doubs, Jura (Adm2)."
2006-0383-FRA,2006,0383,,Natural,Meteorological,Extreme temperature,Heat wave,,,France,FRA,Western Europe,Europe,"Alsace, Aquitaine, Auvergne, Basse-Normandie, Bourgogne, Bretagne, Centre, Champagne-Ardenne, Corse, Franche-Compte, Haute-Normandie, Ile-de-France, Languedoc-Rousillon, Limousin, Lorraine, Nord-Pas-de-Calais, Pays-de-la-Loire, Picardie, Poitou-Charentes, Provence-Alpes-Côte-D'azur, Rhône-Alpes, Midi-Pyrénées provinces",,,,,,,,37,°C,,,,,2006,7,15,2006,7,23,1388,,,,,,,,,,,68.88375871,1,1248;1249;1250;1251;1252;1253;1254;1255;1256;1257;1258;1259;1260;1262;1263;1264;1265;1266;1267;1268;1269;1270,,"Alsace, Aquitaine, Auvergne, Basse-Normandie, Bourgogne, Bretagne, Centre, Champagne-Ardenne, Corse, Franche-Comte, Haute-Normandie, Ile-de-France, Languedoc-Rousillon, Limousin, Lorraine, Midi-Pyrenees, Nord-Pas-de-Calais, Pays-de-la-Loire, Picardie, Poitou-Charentes, Provence-Alpes-Cote-d'Azur, Rhone-Alpes (Adm1)."
2007-0037-FRA,2007,0037,,Natural,Meteorological,Storm,Convective storm,Winter storm/Blizzard,,France,FRA,Western Europe,Europe,"Poitou-Charentes, Aquitaine, Midi-Pyrenees, Languedoc-Rousillon, Limousin provinces (South-West)",,,,,,,,,Kph,,,,,2007,1,23,2007,1,26,1,,,,,,,,,,,70.8487927,1,1249;1260;1262;1264;1268,,"Aquitaine, Languedoc-Rousillon, Limousin, Midi-Pyrenees, Poitou-Charentes (Adm1)."
2007-0019-FRA,2007,0019,,Natural,Meteorological,Storm,Extra-tropical storm,,Kyrill,France,FRA,Western Europe,Europe,"Alsace, Basse-Normandie, Bourgogne, Bretagne, Centre, Champagne-Ardenne, Franche-Comte, Haute-Normandie, Ile-de-France, Lorraine, Nord-Pas-de-Calais, Pays-de-la-Loire, Picardie provinces",,,,,,,,,Kph,,,,,2007,1,18,2007,1,18,3,,,,,,,130000,183489,250000,352864,70.8487927,1,1248;1251;1252;1253;1254;1255;1257;1258;1259;1263;1265;1266;1267,,"Alsace, Basse-Normandie, Bourgogne, Bretagne, Centre, Champagne-Ardenne, Franche-Comte, Haute-Normandie, Ile-de-France, Lorraine, Nord-Pas-de-Calais, Pays-de-la-Loire, Picardie (Adm1)."
2007-0170-FRA,2007,0170,,Natural,Meteorological,Storm,,,,France,FRA,Western Europe,Europe,"Pau city (Ossau valley, Pyrenees-Atlantique district, Aquitaine province)",,Flood,Hail,,,,,,Kph,43.3,-0.47,,,2007,5,25,2007,5,27,1,,900,,900,,,,,,,70.8487927,2,,16244,Pyrenees-Atlantique (Adm2).
2008-0237-FRA,2008,0237,,Natural,Meteorological,Storm,Convective storm,Lightning/Thunderstorms,,France,FRA,Western Europe,Europe,"Avignon, Thor cities (Vaucluse distric, Provence-Alpes-Cote-d'Azur province), Saint-Martin de Vers, Saint-Sauveur-la-valléen cities (Lot), Roquefort (Aveyron) ; Ain district (Rhone-Alpes province) ; Bourgogne province",,"Slide (land, mud, snow, rock)",Flood,,,,,,Kph,,,,,2008,6,10,2008,6,10,,6,600,,606,,,,,,,73.56874554,1;2,1252,16299;16303;16325;16326,"Bourgogne (Adm1). Ain, Aveyron, Lot, Vaucluse (Adm2)."
2008-0165-FRA,2008,0165,,Natural,Meteorological,Storm,Convective storm,Severe storm,Johanna,France,FRA,Western Europe,Europe,"Basse-Normandie, Haute-Normandie, Picardie, Nord-Pas-de-Calais provinces (Northern)",,Flood,,,,,,155,Kph,,,,,2008,3,10,2008,3,10,2,,,,,,,,,,,73.56874554,1,1251;1258;1265;1267,,"Basse-Normandie, Haute-Normandie, Nord-Pas-de-Calais, Picardie (Adm1)."
2008-0321-FRA,2008,0321,,Natural,Meteorological,Storm,Convective storm,Tornado,,France,FRA,Western Europe,Europe,"Hautmont city (Nord distric, Nord-Pas-de-Calais province)",,,,,,,,215,Kph,,,,,2008,8,3,2008,8,4,3,,1500,600,2100,,,60000,81556,80000,108742,73.56874554,2,,16306,Nord (Adm2).
2008-0633-FRA,2008,0633,,Natural,Meteorological,Extreme temperature,Cold wave,,,France,FRA,Western Europe,Europe,"Ile-de-France, Nord-Pas-de-Calais, Provence-Alpes-Cote-d'Azur provinces",,,,,,,,,°C,,,,,2009,1,6,2009,1,8,2,,,,,,,,,,,73.56874554,1,1259;1265;1269,,"Ile-de-France, Nord-Pas-de-Calais, Provence-Alpes-Cote-d'Azur (Adm1)."
2009-0014-FRA,2009,0014,,Natural,Meteorological,Storm,Extra-tropical storm,,Klaus,France,FRA,Western Europe,Europe,"Landes, Pyrénées-Atlantiques, Lot-et-Garonne district (Aquitaine province), Hautes-Pyrénnées, Gers, Haute-Garonne (Midi-Pyrenées province), Aude, Pyrénnées Orientales (Languedoc-Rousillon province)",,Flood,"Slide (land, mud, snow, rock)",,,,,171,Kph,42.24,-2.6,,,2009,1,23,2009,1,26,11,,,,,,,2090000,2851017,3200000,4365193,73.30717672,2,,16242;16243;16244;16289;16290;16300;16301;16302,"Aude, Gers, Haute-Garonne, Hautes-Pyrenees, Landes, Lot-et-Garonne, Pyrenees-Atlantique, Pyrenees-Orientales (Adm2)."
2009-0029-FRA,2009,0029,,Natural,Meteorological,Extreme temperature,Severe winter conditions,Snow/Ice,,France,FRA,Western Europe,Europe,"Lyon city (Rhone district, Rhone-Alpes province)",,,,,,,,,°C,,,,,2009,1,14,2009,1,14,3,200,,,200,,,,,,,73.30717672,2,,16332,Rhone (Adm2).
2009-0571-FRA,2009,0571,,Natural,Meteorological,Extreme temperature,Cold wave,,,France,FRA,Western Europe,Europe,"Alsace, Aquitaine, Auvergne, Basse-Normandie, Bourgogne, Bretagne, Centre, Champagne-Ardenne, Corse, Franche-Comte, Haute-Normandie, Ile-de-France, Languedoc-Rousillon, Limousin, Lorraine, Midi-Pyrenees, Nord-Pas-de-Calais, Pays-de-la-Loire, Picardie, Poitou-Charentes, Provence-Alpes-Cote-d'Azur, Rhone-Alpes provinces",,,,,,,,-24,°C,,,,,2009,12,18,2009,12,19,2,,,,,,,,,,,73.30717672,1,1248;1249;1250;1251;1252;1253;1254;1255;1256;1257;1258;1259;1260;1262;1263;1264;1265;1266;1267;1268;1269;1270,,"Alsace, Aquitaine, Auvergne, Basse-Normandie, Bourgogne, Bretagne, Centre, Champagne-Ardenne, Corse, Franche-Comte, Haute-Normandie, Ile-de-France, Languedoc-Rousillon, Limousin, Lorraine, Midi-Pyrenees, Nord-Pas-de-Calais, Pays-de-la-Loire, Picardie, Poitou-Charentes, Provence-Alpes-Cote-d'Azur, Rhone-Alpes (Adm1)."
2009-0271-FRA,2009,0271,,Natural,Climatological,Wildfire,Forest fire,,,France,FRA,Western Europe,Europe,"Corse province, Marseille city (Bouches-du-Rhone district, Provence-Alpes-Cote-d'Azur province)",,,,,,,,,Km2,,,,,2009,7,,2009,7,,,,,,,,,,,,,73.30717672,1;2,1256,16322,Corse (Adm1). Bouches-du-Rhone (Adm2).
2010-0233-FRA,2010,0233,,Natural,Hydrological,Flood,Flash flood,,,France,FRA,Western Europe,Europe,"Draguignan, Les Arcs, Figanières, Roquebrune sur Argens, Luo, Muy, Trans cities (Var distric, Provence-Alpes-Cote-d'Azur province)",Torrential rain,"Slide (land, mud, snow, rock)",,,,,,7700,Km2,43.5,6.6,,,2010,6,15,2010,6,16,25,,,,,,,1070000,1436060,1500000,2013168,74.50944408,2,,16324,Var (Adm2).
2010-0088-FRA,2010,0088,,Natural,Meteorological,Storm,Extra-tropical storm,,Xynthia,France,FRA,Western Europe,Europe,"Charente-Maritime, Vienne, Deux-Sèvres districts (Poitou-Charentes province), Vendée district (Pays-de-la-Loire province)",,Flood,,,,Yes,,140,Kph,,,,,2010,2,28,2010,3,2,53,79,500000,,500079,,,2100000,2818435,4230000,5677133,74.50944408,2,,16312;16317;16318;16319,"Charente-Maritime, Deux-Sevres, Vendee, Vienne (Adm2)."
2010-0652-FRA,2010,0652,,Natural,Meteorological,Storm,Convective storm,Winter storm/Blizzard,,France,FRA,Western Europe,Europe,"Oise, Aisne districts (Picardie province), Ardennes, Aube, Marne districts (Champagne-Ardenne province), Loiret district (Centre province), Yonne district (Bourgogne province) (North departments), Aveyron, Lot, Tarn districts (Midi-Pyrenees province), Corrèze, Creuse districts (Limousin province), Pyrénées-Orientales (Languedoc-Rousillon province)",,,,,,,,,Kph,,,,,2010,12,23,2010,12,24,,,,,,,,,,,,74.50944408,2,,16255;16265;16266;16267;16269;16289;16291;16292;16299;16303;16304;16313;16314,"Aisne, Ardennes, Aube, Aveyron, Correze, Creuse, Loiret, Lot, Marne, Oise, Pyrenees-Orientales, Tarn, Yonne (Adm2)."
2010-0615-FRA,2010,0615,,Natural,Meteorological,Extreme temperature,Cold wave,,,France,FRA,Western Europe,Europe,"Bretagne, Auvergne, Rhones-Alpes provinces",,,,,,,,,°C,,,,,2010,11,28,2010,12,1,3,,,,,,,,,,,74.50944408,1,1250;1253;1270,,"Auvergne, Bretagne, Rhone-Alpes (Adm1)."
2011-0518-FRA,2011,0518,,Natural,Meteorological,Storm,Extra-tropical storm,,Joachim,France,FRA,Western Europe,Europe,Bretagne province,,Transport accident,,,,,,140,Kph,,,,,2011,12,15,2011,12,16,,,,,,,,,,,,76.86159538,1,1253,,Bretagne (Adm1).
2011-0439-FRA,2011,0439,,Natural,Hydrological,Flood,Riverine flood,,,France,FRA,Western Europe,Europe,"Var, Alpes Maritimes districts (Provence-Alpes-Cote-d'Azur province)",Heavy rains,,,,,,,,Km2,,,,,2011,11,6,2011,11,6,6,,2300,,2300,,,,,,,76.86159538,2,,16321;16324,"Alpes-maritimes, Var (Adm2)."
2012-0019-FRA,2012,0019,CW-2012-000006,Natural,Meteorological,Extreme temperature,Cold wave,,,France,FRA,Western Europe,Europe,"Alsace, Aquitaine, Auvergne, Basse-Normandie, Bourgogne, Bretagne, Centre, Champagne-Ardenne, Corse, Franche-Compte, Haute-Normandie, Ile-de-France, Languedoc-Rousillon, Limousin, Lorraine, Nord-Pas-de-Calais, Pays-de-la-Loire, Picardie, Poitou-Charentes, Provence-Alpes-Côte-D'azur, Rhône-Alpes, Midi-Pyrénées provinces",,,,,,,,,°C,,,,,2012,2,,2012,2,,12,,,,,,,,,,,78.45211388,1,1248;1249;1250;1251;1252;1253;1254;1255;1256;1257;1258;1259;1260;1262;1263;1264;1265;1266;1267;1268;1269;1270,,"Alsace, Aquitaine, Auvergne, Basse-Normandie, Bourgogne, Bretagne, Centre, Champagne-Ardenne, Corse, Franche-Comte, Haute-Normandie, Ile-de-France, Languedoc-Rousillon, Limousin, Lorraine, Midi-Pyrenees, Nord-Pas-de-Calais, Pays-de-la-Loire, Picardie, Poitou-Charentes, Provence-Alpes-Cote-d'Azur, Rhone-Alpes (Adm1)."
2013-0530-FRA,2013,0530,,Natural,Meteorological,Storm,Extra-tropical storm,,Storm Dirk,France,FRA,Western Europe,Europe,"Alpes-Maritimes district (Provence-Alpes-Cote-d'Azur province) ; Valée du Rhône (Rhone-Alpes province) ; Auvergne, Alsace, Bretagne, Normandie provinces",,Flood,Rain,,,,,150,Kph,,,,,2013,12,23,2013,12,25,1,,,,,,,,,,,79.60130942,1;2,1248;1250;1251;1253;1258;1260;1270,16321,"Alsace, Auvergne, Basse-Normandie, Bretagne, Haute-Normandie, Languedoc-Rousillon, Rhone-Alpes (Adm1). Alpes-maritimes (Adm2)."
2013-0215-FRA,2013,0215,,Natural,Hydrological,Flood,Flash flood,,,France,FRA,Western Europe,Europe,"Luz-Saint-Sauveur city (Hautes Pyrénées distric), Saint-Béat city, (Haute-Garonne district) (Midi-Pyrenees province) ; Garonne, Pique rivers (Haute-Garonne district, Midi-Pyrenees province) ; Pyrenees-Atlantiques district (Aquitaine province)",,,,,,,,,Km2,,,,,2013,6,18,2013,6,19,2,,2000,,2000,,,,,655000,822851,79.60130942,2,,16244;16301;16302,"Haute-Garonne, Hautes-Pyrenees, Pyrenees-Atlantique (Adm2)."
2013-0398-FRA,2013,0398,,Natural,Meteorological,Storm,Extra-tropical storm,,Storm Christian,France,FRA,Western Europe,Europe,"Basse-Normandie, Haute-Normandie, Nord-Pas-de-Calais, Bretagne provinces",,,,,,,,132,Kph,,,,,2013,10,27,2013,10,28,1,,,,,,,,,,,79.60130942,1,1251;1253;1258;1265,,"Basse-Normandie, Bretagne, Haute-Normandie, Nord-Pas-de-Calais (Adm1)."
2014-0027-FRA,2014,0027,,Natural,Hydrological,Flood,Riverine flood,,,France,FRA,Western Europe,Europe,"Hyeres, Lavandou city (Var district, Provence-Alpes-Cote-d'Azur province) ; Cote d'Azur region (Alpes Maritimes district, Provence-Alpes-Cote-d'Azur province)",Heavy rains,,,,,,,82989,Km2,43.9958,7.1,,,2014,1,19,2014,2,7,4,,1000,,1000,,,,,,,80.89262372,2,,16321;16324,"Alpes-maritimes, Var (Adm2)."
2014-0008-FRA,2014,0008,,Natural,Meteorological,Storm,Convective storm,,,France,FRA,Western Europe,Europe,"Biarritz city (Pyrenees-Atlantique district, Aquitaine province)",,,,,,,,,Kph,,,,,2014,1,7,2014,1,7,2,,,,,,,,,,,80.89262372,2,,16244,Pyrenees-Atlantique (Adm2).
2014-0388-FRA,2014,0388,,Natural,Meteorological,Storm,Convective storm,Lightning/Thunderstorms,,France,FRA,Western Europe,Europe,"Lamalou-les-Bains city (Herault district, Languedoc-Rousillon province) ; Aveyron distric (Midi-Pyrénées province), Gard district (Languedoc-Rousillon province) Ardeche district (Rhone-Alpes province)",,Flood,"Slide (land, mud, snow, rock)",,,,,,Kph,,,,,2014,9,18,2014,9,18,6,,,,,,,145000,179250,182000,224990,80.89262372,2,,16286;16287;16299;16327,"Ardeche, Aveyron, Gard, Herault (Adm2)."
2014-0488-FRA,2014,0488,,Natural,Hydrological,Flood,Flash flood,,,France,FRA,Western Europe,Europe,"Argeles city (Pyrénées-Orientales district, Languedoc-Rousillon province); Pyrénées-Orientales, Aude, Gar districts (Languedoc-Rousillon province), Var district (Provence-Alpes-Cote-d'Azur province)",Heavy rains,Lightening,,,,,,123269,Km2,,,,,2014,11,29,2014,12,5,5,,3000,,3000,,,242000,299162,303000,374571,80.89262372,2,,16286;16289;16290;16324,"Aude, Gard, Pyrenees-Orientales, Var (Adm2)."
2014-0209-FRA,2014,0209,,Natural,Meteorological,Storm,Convective storm,Lightning/Thunderstorms,,France,FRA,Western Europe,Europe,"Bordeaux city (Gironde district, Aquitaine province), Cognac city (Charente district, Poitou-Charentes province) ; Languedoc region (Languedoc-Rousillon province)",,,,,,,,,Kph,,,,,2014,6,8,2014,6,10,,,,,,,,,,,,80.89262372,1;2,1260,16241;16316,"Languedoc-Rousillon (Adm1). Charente, Gironde (Adm2)."
2014-0462-FRA,2014,0462,,Natural,Hydrological,Flood,Riverine flood,,,France,FRA,Western Europe,Europe,"Gard, Lozere, Herault districts (Languedoc-Rousillon province)",Heavy rains,,,,,,,39709,Km2,,,,,2014,11,13,2014,11,16,5,,,,,,,,,,,80.89262372,2,,16286;16287;16288,"Gard, Herault, Lozere (Adm2)."
2014-0067-FRA,2014,0067,,Natural,Meteorological,Storm,Extra-tropical storm,,Ulla,France,FRA,Western Europe,Europe,Bretagne province,,,,,,,,150,Kph,,,,,2014,2,14,2014,2,14,,,,,,,,,,,,80.89262372,1,1253,,Bretagne (Adm1).
2015-0451-FRA,2015,0451,,Natural,Hydrological,Flood,Flash flood,,,France,FRA,Western Europe,Europe,"Cote d'Azur region (Alpes-maritimes, Var districts, Provence-Alpes-Cote-d'Azur province)",Torrential rain,,,,,,,2896,Km2,43.377,6.53,,,2015,10,3,2015,10,4,20,,,,,,,652000,805052,924000,1140902,80.98857899,2,,16321;16324,"Alpes-maritimes, Var (Adm2)."
2015-0434-FRA,2015,0434,,Natural,Meteorological,Storm,Convective storm,,,France,FRA,Western Europe,Europe,"Aube, Ardennes districts (Champagne-Ardenne province), Ain district (Rhone-Alpes province)",,,,,,,,130,Kph,,,,,2015,9,16,2015,9,16,3,,750,,750,,,,,,,80.98857899,2,,16266;16267;16326,"Ain, Ardennes, Aube (Adm2)."
2015-0410-FRA,2015,0410,,Natural,Meteorological,Extreme temperature,Heat wave,,,France,FRA,Western Europe,Europe,"Alsace, Aquitaine, Auvergne, Basse-Normandie, Bourgogne, Bretagne, Centre, Champagne-Ardenne, Corse, Franche-Compte, Haute-Normandie, Ile-de-France, Languedoc-Rousillon, Limousin, Lorraine, Nord-Pas-de-Calais, Pays-de-la-Loire, Picardie, Poitou-Charentes, Provence-Alpes-Côte-D'azur, Rhône-Alpes, Midi-Pyrénées provinces",,,,,,,,40,°C,,,,,2015,6,29,2015,8,9,3275,,,,,,,,,,,80.98857899,1,1248;1249;1250;1251;1252;1253;1254;1255;1256;1257;1258;1259;1260;1262;1263;1264;1265;1266;1267;1268;1269;1270,,"Alsace, Aquitaine, Auvergne, Basse-Normandie, Bourgogne, Bretagne, Centre, Champagne-Ardenne, Corse, Franche-Comte, Haute-Normandie, Ile-de-France, Languedoc-Rousillon, Limousin, Lorraine, Midi-Pyrenees, Nord-Pas-de-Calais, Pays-de-la-Loire, Picardie, Poitou-Charentes, Provence-Alpes-Cote-d'Azur, Rhone-Alpes (Adm1)."
2016-0179-FRA,2016,0179,,Natural,Hydrological,Flood,,,,France,FRA,Western Europe,Europe,"Yvelines, Paris districts (Ile-de-France province), Marne district (Champagne-Ardenne), Manche, Calvados districts (Basse-Normandie province), Orne, Eure, Seine-Maritime (Haute-Normandie province)",Heavy rains,Lightening,,,,,,,Km2,,,,"Seine, Loing, Yonne",2016,5,31,2016,6,5,5,24,,,24,,,1300000,1585166,2400000,2926461,82.0103309,2,,16249;16250;16251;16269;16276;16277;16280;16285,"Calvados, Eure, Manche, Marne, Orne, Paris, Seine-Maritime, Yvelines (Adm2)."
2017-0320-FRA,2017,0320,,Natural,Hydrological,Flood,Flash flood,,,France,FRA,Western Europe,Europe,Haute-Loire Department (Le Brignon),Torrential rains,,,,,,,,Km2,45.486,3.338,,,2017,6,13,2017,6,15,1,,160,,160,,,,,,,83.75725455,2,,16247,Haute-Loire (Adm2).
2017-0086-FRA,2017,0086,,Natural,Meteorological,Storm,Extra-tropical storm,,'Zeus',France,FRA,Western Europe,Europe,"Brittany, Provence, Sud Ouest (Brive), Alpes du Sud, Centre et Sud-Est.",,,,,,,,193,Kph,,,,,2017,3,6,2017,3,7,2,11,,,11,,,341000,407129,550000,656660,83.75725455,1,1249;1253;1260;1262;1264;1266;1268;1269;1270,,"Aquitaine, Bretagne, Languedoc-Rousillon, Limousin, Midi-Pyrenees, Pays-de-la-Loire, Poitou-Charentes, Provence-Alpes-Cote-d'Azur, Rhone-Alpes (Adm1)."
2017-0292-FRA,2017,0292,,Natural,Climatological,Wildfire,,,,France,FRA,Western Europe,Europe,"Near Bormes-les-Mimosas (Var- cote d'Azur); Haute-Corse, Vaucluse, Var, Alpes-Maritimes","Wind, drought",,,,,,,72,Km2,,,,,2017,7,24,2017,7,25,,12,12000,,12012,,,,,,,83.75725455,2,,16271;16321;16324;16325,"Alpes-maritimes, Haute-Corse, Var, Vaucluse (Adm2)."
2018-0002-FRA,2018,0002,,Natural,Meteorological,Storm,Convective storm,Severe storm,Eleanor,France,FRA,Western Europe,Europe,"Alps, Morillon (Haute Savoie), Corse, Savoie, Isère, Cambrai (Nord), Paris region (Ile-de-France), Seine Maritime, Pas de Calais, Haute Marne, Manche, Bretagne, Lucenay-Lévêque (Saône et Loire)",,Wildfire,"Slide (land, mud, snow, rock)",,,,,160,Kph,,,,"Aube, Moselle",2018,1,3,2018,1,4,6,30,,,30,,,,,200000,233092,85.80302606,1;2,1253;1256;1259,16250;16254;16268;16277;16306;16307;16329;16330;16333,"Bretagne, Corse, Ile-de-France (Adm1). Haute-Marne, Haute-Savoie, Isere, Manche, Nord, Pas-de-Calais, Saone-et-Loire, Savoie, Seine-Maritime (Adm2)."
2018-0025-FRA,2018,0025,,Natural,Meteorological,Storm,Extra-tropical storm,,'Friederike' (David),France,FRA,Western Europe,Europe,"Pas-de-Calais department, Nord",,,,,,,,,Kph,,,,,2018,1,17,2018,1,18,,,,,,,,,,,,85.80302606,2,,16306;16307,"Nord, Pas-de-Calais (Adm2)."
2018-0397-FRA,2018,0397,,Natural,Meteorological,Storm,Extra-tropical storm,,Storm 'Adrian',France,FRA,Western Europe,Europe,"Corse, Cote d'Azur",,,,,,,,,Kph,,,,,2018,10,30,2018,10,30,,,,,,,,,,,,85.80302606,1;2,1256,16321;16324,"Corse (Adm1). Alpes-maritimes, Var (Adm2)."
2018-0061-FRA,2018,0061,,Natural,Meteorological,Extreme temperature,Cold wave,,,France,FRA,Western Europe,Europe,,,,,,,,,,°C,,,,,2018,2,23,2018,2,28,3,,,,,,,,,,,85.80302606,,,,
2018-0235-FRA,2018,0235,,Natural,Meteorological,Extreme temperature,Heat wave,,,France,FRA,Western Europe,Europe,,,,,,,,,38,°C,,,,,2018,7,,2018,7,,,,,,,,,,,,,85.80302606,,,,
2018-0037-FRA,2018,0037,,Natural,Hydrological,Flood,,,,France,FRA,Western Europe,Europe,Ile-de-France,Heavy rains,,,,,,,72016,Km2,48.511,1.606,,"Seine, Marne, Yonne, Rhône, Saône",2018,1,24,2018,1,29,,,2750,,2750,,,175000,203956,372000,433551,85.80302606,1,1259,,Ile-de-France (Adm1).
2018-0375-FRA,2018,0375,,Natural,Hydrological,Flood,,,,France,FRA,Western Europe,Europe,"Carcasonne, Conques sur Orbiel, Aragon, Berriac, Trbes, Flore, Villegaihenc, Villemoustaussou, Villalier (Aude, Hérault)",Torrenntial rains,,,,,,,,Km2,,,,,2018,10,14,2018,10,15,14,76,1400,,1476,,,230000,268056,340000,396256,85.80302606,2,,16287;16290,"Aude, Herault (Adm2)."
2019-0296-FRA,2019,0296,,Natural,Meteorological,Extreme temperature,Heat wave,,,France,FRA,Western Europe,Europe,"Vaucluse, Bouches-du-Rhône, Hérault, Gard",,,,,,,,46,°C,,,,,2019,6,24,2019,7,7,567,,,,,,,,,,,87.35800677,2,,16287,Herault (Adm2).
2019-0533-FRA,2019,0533,,Natural,Meteorological,Storm,Extra-tropical storm,,Storm 'Amelie',France,FRA,Western Europe,Europe,"Alpes-Maritimes Department; Nouvelle Aquitaine, Pays de la Loire, Auvergne, Occitanie",,"Slide (land, mud, snow, rock)",Flood,,,,,163,Kph,,,,,2019,10,28,2019,11,3,1,4,50,,54,,,,,,,87.35800677,1;2,1249;1250;1260;1262;1264;1266;1268,16321,"Aquitaine, Auvergne, Languedoc-Rousillon, Limousin, Midi-Pyrenees, Pays-de-la-Loire, Poitou-Charentes (Adm1). Alpes-maritimes (Adm2)."
2019-0576-FRA,2019,0576,,Natural,Hydrological,Flood,,,,France,FRA,Western Europe,Europe,"Var, Alpes-Maritimes, Bouches-du-Rhone, Alpes-de-Haute-Provence (Provence-Alpes-Côte d'Azur Region)",,"Slide (land, mud, snow, rock)",,,,,,,Km2,,,,,2019,11,30,2019,12,2,5,2,100,,102,,,,,,,87.35800677,2,,16321;16324,"Alpes-maritimes, Var (Adm2)."
2019-0558-FRA,2019,0558,,Natural,Meteorological,Storm,Convective storm,Severe storm,,France,FRA,Western Europe,Europe,"Var, Alpes Maritimes, Puy de Dome departments.",,Flood,,,,,,,Kph,,,,,2019,11,23,2019,11,24,5,,625,,625,,,,,315000,360585,87.35800677,2,,16248;16321;16324,"Alpes-maritimes, Puy-de-Dome, Var (Adm2)."
2019-0621-FRA,2019,0621,,Natural,Meteorological,Storm,,,,France,FRA,Western Europe,Europe,"Pyrénées-Atlantiques, Landes, Lot-et-Garonne, Gironde, Gers departments",,Flood,,,,,,,Kph,,,,,2019,12,12,2019,12,17,2,13,600,,613,,,,,100000,114471,87.35800677,2,,16241;16242;16243;16244;16300,"Gers, Gironde, Landes, Lot-et-Garonne, Pyrenees-Atlantique (Adm2)."
2019-0388-FRA,2019,0388,,Natural,Meteorological,Storm,Convective storm,Tornado,,France,FRA,Western Europe,Europe,Meurthe-et-Moselle,,,,,,,,,Kph,,,,,2019,8,9,2019,8,9,,,90,,90,,,,,,,87.35800677,2,,16294,Meurthe-et-Moselle (Adm2).
2019-0551-FRA,2019,0551,,Natural,Geophysical,Earthquake,Ground movement,,,France,FRA,Western Europe,Europe,Auvergne-Rhône-Alpes region,,,,,,,,5,Richter,,,,,2019,11,11,2019,11,11,,4,750,,754,,,,,,,87.35800677,1,1250;1270,,"Auvergne, Rhone-Alpes (Adm1)."
2019-0626-FRA,2019,0626,,Natural,Meteorological,Storm,Extra-tropical storm,,"Elsa, Fabien",France,FRA,Western Europe,Europe,"Corse,Dordogne, Cote d'Azur",,,,,,,,206,Kph,,,,,2019,12,19,2019,12,22,,4,,,4,,,,,,,87.35800677,1;2,1256,16240;16321,"Corse (Adm1). Alpes-maritimes, Dordogne (Adm2)."
2019-0366-FRA,2019,0366,,Natural,Meteorological,Extreme temperature,Heat wave,,,France,FRA,Western Europe,Europe,Toute la France métropolitaine (excepté l'ouest de la Bretagne et la Corse),,,,,,,,44,°C,,,,,2019,7,21,2019,7,27,868,,,,,,,,,,,87.35800677,,,,
2019-0505-FRA,2019,0505,,Natural,Hydrological,Flood,,,,France,FRA,Western Europe,Europe,"Hérault, Gard, Pyrénées-Orientales",,,,,,,,,Km2,,,,,2019,10,21,2019,10,24,3,,1000,,1000,,,,,,,87.35800677,2,,16286;16287;16289,"Gard, Herault, Pyrenees-Orientales (Adm2)."
2020-0254-FRA,2020,0254,,Natural,Hydrological,Flood,Flash flood,,,France,FRA,Western Europe,Europe,"Ajaccio (Corsica); Salines, Cannes, Pietralba",Heavy rains,,,,,,,,Km2,,,,,2020,6,10,2020,6,11,,,200,,200,,,,,,,88.43564081,2,,16270;16271;16321,"Alpes-maritimes, Corse-du-Sud, Haute-Corse (Adm2)."
2020-0459-FRA,2020,0459,,Natural,Hydrological,Flood,Flash flood,,,France,FRA,Western Europe,Europe,Valleraugue (Gard department); Lozère and Herault departments,Heavy rains,,,,,,,,Km2,,,,,2020,9,19,2020,9,19,2,,421,,421,,,,,53000,59931,88.43564081,2,,16286;16287;16288,"Gard, Herault, Lozere (Adm2)."
2020-0418-FRA,2020,0418,,Natural,Meteorological,Storm,Convective storm,,Storm 'Alex',France,FRA,Western Europe,Europe,"Roya Valley, Vésubie, Tinée (Provence-Alpes-Côte d'Azur Region)",,,,,,,,,Kph,,,,,2020,10,2,2020,10,4,18,,12980,,12980,,,,,967000,1093451,88.43564081,1,1269,,Provence-Alpes-Cote-d'Azur (Adm1).
2020-0020-FRA,2020,0020,,Natural,Meteorological,Storm,Extra-tropical storm,,'Gloria',France,FRA,Western Europe,Europe,"Pyrénées-Orientales, Aude, Ariège, and Haute-Garonne departments",,,,,,,,,Kph,,,,,2020,1,21,2020,1,22,,,,,,,,,,,,88.43564081,2,,16289;16290;16298;16301,"Ariege, Aude, Haute-Garonne, Pyrenees-Orientales (Adm2)."
2020-0051-FRA,2020,0051,,Natural,Meteorological,Storm,Extra-tropical storm,,Storm 'Ciara' (Sabine),France,FRA,Western Europe,Europe,"Aisne, Ardennes, Aube, Calvados, Côtes-d’Armor, Eure, Eure-et-Loir, Finistère, lLoire-Atlantique, Loiret, Manche, Marne, Haute-Marne, lMeurthe-et-Moselle, lMeuse, lMorbihan, lMoselle, Nord, Oise, Orne, lPas-de-Calais, lBas-Rhin, le Haut-Rhin, Paris, lSeine-Maritime, lSeine-et-Marne, Yvelines, Somme, Vosges, Yvonne, Essonne, Val-d’Oise; Corse;",,,,,,,,,Kph,,,,,2020,2,8,2020,2,8,,31,,,31,,,,,,,88.43564081,1;2,1256,16238;16239;16249;16250;16251;16256;16257;16259;16261;16265;16266;16267;16268;16269;16276;16277;16278;16280;16281;16283;16285;16294;16295;16296;16297;16306;16307;16308;16313;16314;16315,"Corse (Adm1). Aisne, Ardennes, Aube, Bas-Rhin, Calvados, Cotes-d'Armor, Essonne, Eure, Eure-et-Loir, Finistere, Haut-Rhin, Haute-Marne, Loire-Atlantique, Loiret, Manche, Marne, Meurthe-et-Moselle, Meuse, Morbihan, Moselle, Nord, Oise, Orne, Paris, Pas-de-Calais, Seine-et-Marne, Seine-Maritime, Somme, Val-d'Oise, Vosges, Yvelines (Adm2)."
2020-0530-FRA,2020,0530,,Natural,Meteorological,Extreme temperature,Heat wave,,,France,FRA,Western Europe,Europe,,,,,,,,,,°C,,,,,2020,7,30,2020,8,16,1924,,,,,,,,,,,88.43564081,1,1248;1249;1250;1251;1252;1253;1254;1255;1256;1257;1258;1259;1260;1262;1263;1264;1265;1266;1267;1268;1269;1270,,"Alsace, Aquitaine, Auvergne, Basse-Normandie, Bourgogne, Bretagne, Centre, Champagne-Ardenne, Corse, Franche-Comte, Haute-Normandie, Ile-de-France, Languedoc-Rousillon, Limousin, Lorraine, Midi-Pyrenees, Nord-Pas-de-Calais, Pays-de-la-Loire, Picardie, Poitou-Charentes, Provence-Alpes-Cote-d'Azur, Rhone-Alpes (Adm1)."
2020-0202-FRA,2020,0202,,Natural,Hydrological,Flood,,,,France,FRA,Western Europe,Europe,"Gironde, Landes Departments, Ile de France Region",Heavy rains,,,,,,,,Km2,,,,,2020,5,11,2020,5,11,,1,284,,285,,,,,,,88.43564081,1;2,1259,16241;16242,"Ile-de-France (Adm1). Gironde, Landes (Adm2)."
2021-0436-FRA,2021,0436,,Natural,Meteorological,Storm,Convective storm,Severe storm,,France,FRA,Western Europe,Europe,Saône-et-Loire Department (Bourgogne-Franche-Comté Region); Auvergne Region; Moselle Department (Grand Est Region),,"Slide (land, mud, snow, rock)",Flood,,,,,,Kph,,,,,2021,7,23,2021,7,24,,,255,,255,,,,,,,92.59019293,1;2,1250,16254;16296,"Auvergne (Adm1). Moselle, Saone-et-Loire (Adm2)."
2021-0411-FRA,2021,0411,,Natural,Hydrological,Flood,,,,France,FRA,Western Europe,Europe,"La Marne, La Meuse, La Moselle Departments; Châtel de Houx, Le Field (Jura); Plainfaing (Vosges); Villers la Chèvre, Errouville, Longuyon, Villette (Meurthe en Moselle); Bras-sur-Meuse (Meuse)",Torrential rainfall caused by a slow-moving area of low pressure – named “Bernd”,"Slide (land, mud, snow, rock)",,,,,,,Km2,,,,Ornain River and the Canal de la Marne au Rhin,2021,7,15,2021,7,16,,,240,,240,,,,,,,92.59019293,2,,16269;16274;16294;16295;16296;16297,"Jura, Marne, Meurthe-et-Moselle, Meuse, Moselle, Vosges (Adm2)."
2021-0792-FRA,2021,0792,,Natural,Hydrological,Flood,,,,France,FRA,Western Europe,Europe,Nouvelle-Aquitaine; Occitanie; Landes; Pyrénées-Atlantiques,Heavy rains,"Slide (land, mud, snow, rock)",,,,,,,Km2,,,,,2021,12,9,2021,12,10,,,100,,100,,,,,23000,24841,92.59019293,1,1249;1260;1262;1264;1268,,"Aquitaine, Languedoc-Rousillon, Limousin, Midi-Pyrenees, Poitou-Charentes (Adm1)."
2021-0318-FRA,2021,0318,,Natural,Hydrological,Flood,Flash flood,,,France,FRA,Western Europe,Europe,"Beauvais, Tillé, Auneuil Municipalities (Oise Department); Marne, Somme",Heavy rains,Lightening,,,,,,,Km2,,,,,2021,6,21,2021,6,21,1,,600,,600,,,,,,,92.59019293,2,,16269;16314;16315,"Marne, Oise, Somme (Adm2)."
2021-0586-FRA,2021,0586,,Natural,Hydrological,Flood,,,,France,FRA,Western Europe,Europe,Gard Department,Heavy rains,Lightening,,,,,,,Km2,,,,,2021,9,14,2021,9,14,,,600,,600,,,,,,,92.59019293,2,,16286,Gard (Adm2).
2021-0687-FRA,2021,0687,,Natural,Meteorological,Storm,Convective storm,,Storm 'Aurore' (Hendrick),France,FRA,Western Europe,Europe,"Brittany, Normandy, Champagne-Ardennes, Paris, Ile de France","Stro,gs wnds and heav rains",,,,,,,150,Kph,,,,,2021,10,21,2021,10,22,,,,,,,,,,,,92.59019293,1;2,1251;1253;1255;1258,16280,"Basse-Normandie, Bretagne, Champagne-Ardenne, Haute-Normandie (Adm1). Paris (Adm2)."
2021-0825-FRA,2021,0825,,Natural,Meteorological,Extreme temperature,Cold wave,,,France,FRA,Western Europe,Europe,Rhone region,,,,,,Yes,,,°C,,,,,2021,4,5,2021,4,8,,,,,,,,,,5600000,6048157,92.59019293,,,,
2021-0063-FRA,2021,0063,,Natural,Hydrological,Flood,,,,France,FRA,Western Europe,Europe,"Charente-Maritime Department, Lot-et-Garonne Departmen, Gironde Department (Nouvelle-Aquitaine Region)",Heavy rains,,,,,Yes,,,Km2,,,,Garonne river,2021,2,1,2021,2,10,,5,300,,305,,,,,10000,10800,92.59019293,2,,16241;16243;16317,"Charente-Maritime, Gironde, Lot-et-Garonne (Adm2)."
2021-0756-FRA,2021,0756,,Natural,Hydrological,Flood,,,,France,FRA,Western Europe,Europe,"Nord, Pas-de-Calais, Hauts-de-France Region",Heavy raiins,,,,,,,,Km2,,,,,2021,11,27,2021,11,29,1,2,300,,302,,,,,,,92.59019293,1,1265,,Nord-Pas-de-Calais (Adm1).
2022-0112-FRA,2022,0112,,Natural,Meteorological,Storm,Extra-tropical storm,,Storm 'Eunice' (Zeynep),France,FRA,Western Europe,Europe,"Pas-de-Calais, Nord, Seine-Maritime, Manche departments",,,,,,,,,Kph,,,,,2022,2,18,2022,2,18,,28,,,28,,,,,,,100,2,,16250;16277;16306;16307,"Manche, Nord, Pas-de-Calais, Seine-Maritime (Adm2)."
2022-0373-FRA,2022,0373,,Natural,Meteorological,Storm,Convective storm,Severe storm,,France,FRA,Western Europe,Europe,"Rouen City (Seine-Maritime Department, Normandy Region); Loir-et-Cher Department (Centre-Val de Loire Region)",,Lightening,Hail,,,,,,Kph,,,,,2022,6,4,2022,6,5,1,15,60000,,60015,,,,,,,100,2,,16264;16277,"Loir-et-Cher, Seine-Maritime (Adm2)."
2022-0697-FRA,2022,0697,,Natural,Meteorological,Storm,Convective storm,Severe storm,,France,FRA,Western Europe,Europe,"Normandy, Hauts-de-France, and Bourgogne-Franche-Comté",,Lightening,Hail,,,,,,Kph,,,,,2022,10,23,2022,10,24,,2,300,,302,,,,,,,100,1,1251;1252;1257;1258;1265,,"Basse-Normandie, Bourgogne, Franche-Comte, Haute-Normandie, Nord-Pas-de-Calais (Adm1)."
2022-0525-FRA,2022,0525,,Natural,Meteorological,Storm,Convective storm,Severe storm,,France,FRA,Western Europe,Europe,Corsica,,Lightening,,,,,,,Kph,,,,,2022,8,17,2022,8,18,5,33,,,33,,,,,,,100,1,1256,,Corse (Adm1).
2022-0465-FRA,2022,0465,,Natural,Meteorological,Extreme temperature,Heat wave,,,France,FRA,Western Europe,Europe,,,,,,,,,42,°C,,,,,2022,5,30,2022,9,4,4807,20000,,,20000,,,,,,,100,,,,
2022-9405-FRA,2022,9405,,Natural,Climatological,Drought,Drought,,,France,FRA,Western Europe,Europe,,Lack of rains,,,,,,,,Km2,,,,,2022,7,,2022,8,,,,,,,,,,,,,100,,,,
2023-0323-FRA,2023,0323,,Natural,Geophysical,Earthquake,Ground movement,,,France,FRA,Western Europe,Europe,"La Laigne, Benon, Mauzé-sur-le-Mignon, Saint Hilaire-la-Palud and Cram-Chaban (Nouvelle-Aquitaine Region); Charente-Maritime",,,,,,,,5,Richter,46.212,-0.785,18:38,,2023,6,16,2023,6,16,,2,750,,752,,,,,440000,,,,,,